Palabra-,Donald Trump,James David Vance,Joe Biden,Kamala Harris,Tim Walz,,,Donald Trump,James David Vance,Joe Biden,Kamala Harris,Tim Walz
TOTAL,6738,2103,8678,5895,3283,,Negativo,6738,2103,8678,5895,3283
lie,161,60,228,179,103,,Positivo,5037,2264,8408,7266,3394
criminal,134,14,109,52,17,,,,,,,
crime,96,9,94,49,26,,,,,,,
garbage,87,19,12,48,85,,,,,,,
wrong,83,36,85,65,33,,,,,,,
bad,81,34,150,90,53,,,,,,,
stupid,73,28,75,79,40,,,,,,,
prison,73,3,34,32,11,,,,,,,
fake,72,29,86,106,42,,,,,,,
hell,71,15,66,59,24,,,,,,,
joke,70,28,187,94,71,,,,,,,
funny,69,14,99,65,35,,,,,,,
problem,69,18,87,42,38,,,,,,,
corrupt,63,11,87,25,8,,,,,,,
hate,62,44,81,113,49,,,,,,,
crook,61,0,16,2,1,,,,,,,
lying,57,22,83,50,39,,,,,,,
poor,54,20,56,44,24,,,,,,,
idiot,53,20,77,59,38,,,,,,,
liar,52,26,71,41,46,,,,,,,
lost,51,22,72,101,14,,,,,,,
hard,50,30,83,59,23,,,,,,,
evil,50,17,60,46,16,,,,,,,
sorry,50,9,52,40,18,,,,,,,
crazy,49,14,58,49,14,,,,,,,
racist,48,16,35,40,32,,,,,,,
sad,47,14,83,89,22,,,,,,,
shit,46,11,34,65,7,,,,,,,
sick,45,6,52,28,13,,,,,,,
disgusting,40,15,37,29,23,,,,,,,
loser,40,8,35,27,15,,,,,,,
conspiracy,40,2,16,2,10,,,,,,,
traitor,39,4,46,12,6,,,,,,,
guilty,39,1,11,3,6,,,,,,,
worst,37,14,144,48,26,,,,,,,
dumb,37,12,34,70,11,,,,,,,
dead,36,7,53,20,11,,,,,,,
illegal,35,14,85,67,26,,,,,,,
fool,35,15,57,45,12,,,,,,,
lose,35,11,49,32,9,,,,,,,
fear,35,7,27,25,10,,,,,,,
issue,34,20,89,40,48,,,,,,,
worse,34,8,87,31,21,,,,,,,
fall,34,9,55,31,7,,,,,,,
dictator,33,12,76,31,8,,,,,,,
fraud,33,7,42,18,13,,,,,,,
death,33,4,41,19,13,,,,,,,
break,33,5,39,16,14,,,,,,,
threat,32,5,33,9,6,,,,,,,
cry,31,11,52,19,15,,,,,,,
false,29,7,18,14,11,,,,,,,
damn,28,5,31,51,13,,,,,,,
falling,28,2,30,9,2,,,,,,,
lack,28,9,19,12,16,,,,,,,
pathetic,27,6,48,47,14,,,,,,,
shame,27,12,48,40,11,,,,,,,
ridiculous,27,7,22,26,11,,,,,,,
kill,26,1,18,11,4,,,,,,,
died,25,3,38,19,4,,,,,,,
crap,25,9,27,20,10,,,,,,,
cheat,25,2,20,10,2,,,,,,,
dangerous,24,8,30,15,17,,,,,,,
felon,24,17,14,25,10,,,,,,,
failed,23,7,41,23,7,,,,,,,
enemy,23,6,30,19,7,,,,,,,
blame,23,8,29,21,12,,,,,,,
insane,23,6,19,16,9,,,,,,,
killed,22,11,37,19,8,,,,,,,
corruption,22,9,26,14,4,,,,,,,
trash,22,16,25,28,29,,,,,,,
interference,22,0,3,1,1,,,,,,,
puppet,21,16,80,61,6,,,,,,,
lied,20,12,32,37,36,,,,,,,
attack,20,13,30,11,15,,,,,,,
moron,20,4,20,22,9,,,,,,,
loss,20,5,8,6,11,,,,,,,
stormy,20,1,5,0,0,,,,,,,
destroy,19,4,40,20,14,,,,,,,
disgrace,19,7,29,15,12,,,,,,,
killing,19,4,25,17,7,,,,,,,
die,19,3,22,12,6,,,,,,,
horrible,19,21,21,24,11,,,,,,,
conservative,19,6,16,13,8,,,,,,,
smell,19,3,10,5,10,,,,,,,
protest,18,1,55,1,5,,,,,,,
propaganda,18,11,41,30,9,,,,,,,
tired,18,2,18,8,8,,,,,,,
cold,18,3,13,4,2,,,,,,,
opponent,17,5,32,14,8,,,,,,,
weird,17,24,19,20,142,,,,,,,
nonsense,17,4,15,19,8,,,,,,,
stupidity,17,1,10,4,2,,,,,,,
missed,17,2,8,3,6,,,,,,,
failure,16,3,35,12,13,,,,,,,
excuse,16,5,25,7,7,,,,,,,
doubt,16,8,24,14,10,,,,,,,
losing,16,1,22,7,11,,,,,,,
waste,16,5,11,12,13,,,,,,,
disabled,16,0,4,2,1,,,,,,,
incompetent,15,2,33,19,4,,,,,,,
worry,15,2,15,24,8,,,,,,,
bully,15,7,15,19,6,,,,,,,
ignorant,15,6,11,29,6,,,,,,,
vice,14,40,44,69,46,,,,,,,
breaking,14,1,22,6,1,,,,,,,
danger,14,6,19,9,8,,,,,,,
devil,14,6,17,18,3,,,,,,,
suck,14,11,16,10,8,,,,,,,
desperate,14,2,10,36,5,,,,,,,
absurd,14,1,1,0,2,,,,,,,
contempt,14,3,0,1,1,,,,,,,
chaos,13,1,26,6,9,,,,,,,
steal,13,1,22,10,3,,,,,,,
trouble,13,6,18,10,10,,,,,,,
loses,13,1,13,10,3,,,,,,,
cheating,13,4,12,11,3,,,,,,,
unbelievable,13,6,12,4,4,,,,,,,
awful,13,5,9,7,3,,,,,,,
violation,13,2,7,1,0,,,,,,,
killer,13,0,4,3,2,,,,,,,
insanity,13,0,3,6,2,,,,,,,
weak,12,8,41,22,7,,,,,,,
crooked,12,3,33,0,2,,,,,,,
fail,12,2,22,7,6,,,,,,,
scared,12,6,20,14,3,,,,,,,
bullshit,12,3,10,7,1,,,,,,,
whining,12,0,8,2,1,,,,,,,
loose,12,8,7,5,6,,,,,,,
dump,12,5,4,17,1,,,,,,,
senile,11,1,52,5,1,,,,,,,
mistake,11,9,21,11,3,,,,,,,
hurt,11,2,20,8,11,,,,,,,
scary,11,4,19,9,7,,,,,,,
limit,11,2,18,3,2,,,,,,,
blind,11,6,17,17,3,,,,,,,
racism,11,2,11,13,6,,,,,,,
fucking,11,2,10,12,3,,,,,,,
shocked,11,0,9,10,3,,,,,,,
authoritarian,11,1,6,5,1,,,,,,,
boring,11,6,5,5,7,,,,,,,
delay,11,1,5,0,3,,,,,,,
delusional,10,3,29,20,9,,,,,,,
embarrassment,10,2,26,19,6,,,,,,,
fault,10,1,26,8,3,,,,,,,
slow,10,0,19,9,3,,,,,,,
miss,10,3,18,20,2,,,,,,,
afraid,10,9,18,9,7,,,,,,,
angry,10,3,18,6,6,,,,,,,
hated,10,4,12,3,1,,,,,,,
impossible,10,2,11,3,2,,,,,,,
screwed,10,2,8,14,2,,,,,,,
hatred,10,2,3,16,9,,,,,,,
miserable,10,4,3,4,3,,,,,,,
terrible,9,17,44,25,5,,,,,,,
debt,9,3,33,11,7,,,,,,,
mess,9,8,29,32,6,,,,,,,
damage,9,1,26,5,9,,,,,,,
confused,9,2,25,12,2,,,,,,,
disaster,9,10,23,24,15,,,,,,,
mad,9,8,21,10,14,,,,,,,
destruction,9,1,16,4,3,,,,,,,
stolen,9,3,13,6,24,,,,,,,
murder,9,1,11,9,3,,,,,,,
loud,9,0,10,7,8,,,,,,,
stole,9,1,10,6,2,,,,,,,
badly,9,0,9,6,3,,,,,,,
madness,9,0,9,5,2,,,,,,,
corrupted,9,1,6,5,1,,,,,,,
suspect,9,3,4,1,1,,,,,,,
addict,9,0,3,0,1,,,,,,,
sue,9,0,2,3,2,,,,,,,
unconstitutional,9,0,2,2,1,,,,,,,
assassin,9,1,2,0,0,,,,,,,
dark,8,2,29,29,2,,,,,,,
fascist,8,9,23,18,6,,,,,,,
violent,8,4,17,11,7,,,,,,,
broke,8,7,16,26,6,,,,,,,
coward,8,4,15,8,14,,,,,,,
broken,8,2,13,8,2,,,,,,,
difficult,8,2,12,5,2,,,,,,,
stealing,8,3,12,12,3,,,,,,,
fallen,8,0,12,2,2,,,,,,,
refuse,8,2,12,4,2,,,,,,,
ignore,8,1,12,7,5,,,,,,,
risk,8,5,11,8,4,,,,,,,
negative,8,3,7,10,3,,,,,,,
creep,8,8,6,3,12,,,,,,,
blow,8,0,6,8,1,,,,,,,
vile,8,0,4,4,5,,,,,,,
suspicious,8,1,4,1,1,,,,,,,
drain,8,3,4,3,0,,,,,,,
complaining,8,0,4,7,2,,,,,,,
fraudulent,8,0,4,2,0,,,,,,,
wasted,8,0,3,2,2,,,,,,,
mocking,8,1,3,3,3,,,,,,,
messed,8,3,3,3,1,,,,,,,
prosecute,8,1,3,1,0,,,,,,,
stunt,8,0,2,0,3,,,,,,,
genocide,7,2,101,17,5,,,,,,,
abuse,7,2,29,4,1,,,,,,,
dislike,7,1,24,3,8,,,,,,,
suffering,7,2,21,7,7,,,,,,,
hypocrisy,7,2,19,6,4,,,,,,,
concerned,7,2,17,9,1,,,,,,,
stuck,7,5,10,2,2,,,,,,,
wild,7,1,10,10,1,,,,,,,
cancer,7,1,9,3,1,,,,,,,
ruin,7,1,9,12,1,,,,,,,
critical,7,1,9,8,2,,,,,,,
hater,7,0,9,15,2,,,,,,,
shock,7,0,8,5,2,,,,,,,
strange,7,5,8,6,4,,,,,,,
fell,7,2,8,6,3,,,,,,,
blatant,7,1,6,0,2,,,,,,,
toxic,7,1,6,2,3,,,,,,,
monster,7,1,5,2,5,,,,,,,
hoax,7,0,5,3,0,,,,,,,
drag,7,2,4,2,4,,,,,,,
cheated,7,2,3,3,0,,,,,,,
overthrow,7,0,3,1,0,,,,,,,
scream,7,1,3,4,1,,,,,,,
bogus,7,1,0,3,2,,,,,,,
fist,7,3,0,0,1,,,,,,,
creepy,6,10,21,4,18,,,,,,,
treason,6,2,18,5,4,,,,,,,
cheap,6,2,17,3,6,,,,,,,
ashamed,6,9,16,8,3,,,,,,,
concern,6,4,16,7,4,,,,,,,
bomb,6,0,15,4,1,,,,,,,
doomed,6,1,13,9,1,,,,,,,
struggle,6,0,12,11,6,,,,,,,
ruined,6,4,11,13,6,,,,,,,
suffer,6,0,11,7,2,,,,,,,
hypocrite,6,11,11,7,11,,,,,,,
heck,6,3,10,9,2,,,,,,,
insult,6,4,10,11,18,,,,,,,
illegally,6,1,10,2,2,,,,,,,
demon,6,1,10,11,7,,,,,,,
crack,6,0,9,2,0,,,,,,,
dishonest,6,3,9,5,3,,,,,,,
fat,6,1,8,6,1,,,,,,,
refused,6,5,8,2,2,,,,,,,
rhetoric,6,9,8,8,11,,,,,,,
pain,6,2,7,4,0,,,,,,,
illness,6,1,7,1,0,,,,,,,
silly,6,3,7,7,2,,,,,,,
incompetence,6,2,7,6,5,,,,,,,
disgraceful,6,2,6,5,0,,,,,,,
rip,6,1,6,6,3,,,,,,,
loot,6,0,6,0,1,,,,,,,
nasty,6,9,5,13,4,,,,,,,
sucker,6,2,5,1,0,,,,,,,
wicked,6,1,4,5,0,,,,,,,
assault,6,0,4,6,3,,,,,,,
incapable,6,1,4,7,0,,,,,,,
nightmare,6,0,4,5,2,,,,,,,
complain,6,2,4,9,2,,,,,,,
dirty,6,3,3,9,1,,,,,,,
greedy,6,1,3,1,2,,,,,,,
accusation,6,1,3,0,2,,,,,,,
hang,6,4,2,4,0,,,,,,,
bother,6,1,2,4,1,,,,,,,
rape,6,4,2,9,2,,,,,,,
wound,6,0,2,3,1,,,,,,,
mocked,6,0,1,0,3,,,,,,,
confession,6,0,1,1,1,,,,,,,
guilt,6,0,0,1,0,,,,,,,
undermine,6,1,0,1,3,,,,,,,
bothered,6,0,0,1,1,,,,,,,
stink,6,0,0,1,0,,,,,,,
crisis,5,4,45,12,9,,,,,,,
conflict,5,2,23,3,2,,,,,,,
embarrassing,5,2,22,51,5,,,,,,,
insurrection,5,4,14,2,2,,,,,,,
unfit,5,5,13,9,4,,,,,,,
fuck,5,1,11,18,0,,,,,,,
extremist,5,1,11,2,0,,,,,,,
dying,5,3,11,2,7,,,,,,,
pretend,5,1,11,13,5,,,,,,,
freaking,5,6,10,10,6,,,,,,,
disturbing,5,0,10,4,2,,,,,,,
shameful,5,0,9,5,4,,,,,,,
unfortunately,5,3,9,12,8,,,,,,,
biased,5,16,8,4,7,,,,,,,
hack,5,2,7,1,1,,,,,,,
outrageous,5,0,7,1,2,,,,,,,
bias,5,9,7,4,8,,,,,,,
lame,5,0,6,7,1,,,,,,,
collapse,5,0,6,5,1,,,,,,,
trick,5,1,5,8,0,,,,,,,
fascism,5,1,5,4,3,,,,,,,
hateful,5,3,5,9,5,,,,,,,
slave,5,1,5,19,3,,,,,,,
sadly,5,3,5,8,6,,,,,,,
emergency,5,1,4,4,1,,,,,,,
severe,5,0,4,1,4,,,,,,,
fooled,5,3,4,11,1,,,,,,,
disagree,5,3,4,8,2,,,,,,,
annoying,5,5,4,7,2,,,,,,,
sham,5,0,4,1,1,,,,,,,
injury,5,0,4,3,0,,,,,,,
pig,5,0,4,1,3,,,,,,,
terrorism,5,0,3,2,4,,,,,,,
disrespectful,5,4,3,1,4,,,,,,,
twisted,5,0,3,1,1,,,,,,,
unstable,5,1,2,0,1,,,,,,,
filthy,5,0,2,2,2,,,,,,,
smack,5,1,1,2,1,,,,,,,
offensive,5,0,1,4,1,,,,,,,
despicable,5,1,1,2,5,,,,,,,
persecution,5,1,1,0,0,,,,,,,
penalty,5,1,1,1,0,,,,,,,
bored,5,1,1,0,0,,,,,,,
undermining,5,0,1,2,0,,,,,,,
explosive,5,0,1,0,0,,,,,,,
delayed,5,1,0,1,1,,,,,,,
unrest,5,0,0,0,2,,,,,,,
cringe,4,4,18,28,10,,,,,,,
struggling,4,3,11,11,2,,,,,,,
worried,4,2,11,6,8,,,,,,,
opposition,4,3,11,4,4,,,,,,,
lunatic,4,3,10,5,3,,,,,,,
protesting,4,0,10,3,0,,,,,,,
burn,4,1,10,6,21,,,,,,,
failing,4,3,9,4,4,,,,,,,
gross,4,2,9,10,2,,,,,,,
useless,4,0,9,7,3,,,,,,,
odd,4,0,9,4,3,,,,,,,
childish,4,0,8,2,1,,,,,,,
tragedy,4,0,7,1,0,,,,,,,
harm,4,1,7,5,3,,,,,,,
hypocritical,4,0,6,2,1,,,,,,,
deluded,4,0,6,1,2,,,,,,,
darkness,4,1,6,2,2,,,,,,,
rival,4,0,6,2,2,,,,,,,
greed,4,0,5,2,1,,,,,,,
deny,4,0,4,3,0,,,,,,,
naive,4,0,4,5,1,,,,,,,
misleading,4,1,4,3,1,,,,,,,
smear,4,2,4,2,1,,,,,,,
ugly,4,1,3,2,4,,,,,,,
painful,4,0,3,8,0,,,,,,,
spewing,4,1,3,4,2,,,,,,,
begging,4,1,3,3,1,,,,,,,
symptom,4,1,3,0,0,,,,,,,
stupidest,4,0,3,0,10,,,,,,,
rotten,4,0,3,1,0,,,,,,,
liable,4,0,3,0,1,,,,,,,
ploy,4,0,2,0,0,,,,,,,
unable,4,1,2,4,1,,,,,,,
limited,4,3,2,0,0,,,,,,,
poison,4,0,2,4,1,,,,,,,
madman,4,0,2,0,1,,,,,,,
violate,4,0,2,1,0,,,,,,,
sore,4,0,2,0,0,,,,,,,
offence,4,0,2,0,0,,,,,,,
bait,4,2,2,1,0,,,,,,,
assassinate,4,2,2,1,0,,,,,,,
immature,4,3,1,0,1,,,,,,,
outrage,4,0,1,1,3,,,,,,,
reject,4,1,1,2,2,,,,,,,
insulted,4,2,1,2,1,,,,,,,
manipulation,4,2,1,3,1,,,,,,,
denying,4,0,1,0,2,,,,,,,
bent,4,0,1,0,0,,,,,,,
whine,4,0,1,1,1,,,,,,,
falsehood,4,0,1,0,2,,,,,,,
suffered,4,2,1,4,2,,,,,,,
whiny,4,0,1,0,0,,,,,,,
exhausted,4,0,1,1,1,,,,,,,
louder,4,1,1,3,2,,,,,,,
drastic,4,0,1,0,0,,,,,,,
negligence,4,1,1,0,0,,,,,,,
fatal,4,0,1,2,1,,,,,,,
reckless,4,0,0,1,1,,,,,,,
sued,4,1,0,3,1,,,,,,,
miscalculation,4,0,0,0,0,,,,,,,
ranting,4,0,0,1,0,,,,,,,
knife,4,0,0,0,0,,,,,,,
unusual,4,0,0,2,0,,,,,,,
remorse,4,0,0,1,0,,,,,,,
lazy,4,1,0,5,2,,,,,,,
punch,4,0,0,1,0,,,,,,,
split,4,0,0,3,0,,,,,,,
decline,3,0,29,3,1,,,,,,,
radical,3,5,15,7,8,,,,,,,
complex,3,7,15,4,3,,,,,,,
parody,3,0,12,3,1,,,,,,,
strike,3,3,10,3,1,,,,,,,
ruining,3,2,9,3,1,,,,,,,
clueless,3,3,8,7,3,,,,,,,
scare,3,3,7,1,1,,,,,,,
sickening,3,1,7,5,5,,,,,,,
bashing,3,2,7,4,1,,,,,,,
jerk,3,0,6,3,3,,,,,,,
weakness,3,0,6,2,3,,,,,,,
deception,3,1,6,2,0,,,,,,,
rant,3,0,6,3,1,,,,,,,
insulting,3,2,6,8,7,,,,,,,
warning,3,1,6,9,3,,,,,,,
selfish,3,0,5,5,1,,,,,,,
condemn,3,1,5,0,1,,,,,,,
joker,3,2,5,2,2,,,,,,,
horrendous,3,4,5,0,3,,,,,,,
irrelevant,3,2,5,4,2,,,,,,,
rude,3,7,5,3,0,,,,,,,
disrespect,3,2,5,3,5,,,,,,,
upset,3,4,5,5,2,,,,,,,
butcher,3,2,5,0,0,,,,,,,
burned,3,1,5,2,5,,,,,,,
drunk,3,1,5,10,5,,,,,,,
pity,3,0,5,1,0,,,,,,,
tank,3,3,5,0,1,,,,,,,
downfall,3,0,5,0,0,,,,,,,
disgusted,3,0,4,2,2,,,,,,,
dragged,3,1,4,4,2,,,,,,,
unethical,3,2,4,0,0,,,,,,,
wasting,3,0,4,3,1,,,,,,,
hurting,3,0,4,4,1,,,,,,,
dope,3,0,4,2,4,,,,,,,
hating,3,5,4,7,3,,,,,,,
resigned,3,1,4,2,0,,,,,,,
disorder,3,1,4,1,1,,,,,,,
addicted,3,1,3,0,1,,,,,,,
denial,3,0,3,2,1,,,,,,,
aggressive,3,2,3,1,0,,,,,,,
appalling,3,0,3,1,0,,,,,,,
downhill,3,0,3,0,0,,,,,,,
frightening,3,3,3,2,0,,,,,,,
fails,3,0,3,2,1,,,,,,,
rage,3,0,3,0,1,,,,,,,
bore,3,0,3,0,0,,,,,,,
bullying,3,1,3,3,3,,,,,,,
freak,3,4,3,5,8,,,,,,,
unpopular,3,0,3,1,0,,,,,,,
zombie,3,1,3,4,0,,,,,,,
boycott,3,0,3,3,3,,,,,,,
tragic,3,0,3,0,1,,,,,,,
ignorance,3,3,3,4,5,,,,,,,
bastard,3,2,3,2,1,,,,,,,
thug,3,0,3,2,1,,,,,,,
phony,3,3,3,11,11,,,,,,,
slime,3,2,2,0,1,,,,,,,
nervous,3,1,2,29,2,,,,,,,
deplorable,3,2,2,3,4,,,,,,,
chill,3,0,2,3,1,,,,,,,
deadly,3,1,2,0,0,,,,,,,
illusion,3,0,2,0,0,,,,,,,
smelling,3,0,2,1,0,,,,,,,
denied,3,1,2,4,2,,,,,,,
slowly,3,0,2,5,0,,,,,,,
declining,3,0,2,1,0,,,,,,,
bloated,3,0,2,0,0,,,,,,,
totalitarian,3,0,2,0,0,,,,,,,
idiotic,3,0,2,5,3,,,,,,,
condemned,3,0,2,1,0,,,,,,,
farce,3,0,2,0,1,,,,,,,
forbid,3,2,2,0,4,,,,,,,
bizarre,3,3,2,1,3,,,,,,,
distraction,3,1,2,3,0,,,,,,,
brainwash,3,0,2,2,1,,,,,,,
scratch,3,0,2,0,0,,,,,,,
ironic,3,1,2,5,3,,,,,,,
desperately,3,1,1,2,7,,,,,,,
redundant,3,0,1,0,1,,,,,,,
lousy,3,0,1,1,0,,,,,,,
stranger,3,0,1,2,1,,,,,,,
inability,3,0,1,1,3,,,,,,,
sloppy,3,0,1,0,0,,,,,,,
mystery,3,0,1,2,0,,,,,,,
defamation,3,0,1,0,0,,,,,,,
conflicted,3,0,1,0,0,,,,,,,
incite,3,3,1,1,0,,,,,,,
rumor,3,1,1,2,2,,,,,,,
bash,3,0,1,2,2,,,,,,,
ridiculously,3,0,1,0,2,,,,,,,
beg,3,1,1,0,2,,,,,,,
allegation,3,0,1,0,4,,,,,,,
jealous,3,4,0,6,6,,,,,,,
tantrum,3,0,0,0,0,,,,,,,
loathe,3,0,0,0,0,,,,,,,
vanity,3,1,0,0,1,,,,,,,
crushing,3,0,0,2,0,,,,,,,
bland,3,0,0,0,0,,,,,,,
downer,3,0,0,1,0,,,,,,,
tanked,3,0,0,2,1,,,,,,,
discouraging,3,0,0,0,0,,,,,,,
fiasco,3,0,0,0,1,,,,,,,
ripped,3,0,0,3,0,,,,,,,
gutless,3,0,0,0,1,,,,,,,
vomit,3,1,0,1,0,,,,,,,
limitation,3,1,0,0,2,,,,,,,
complains,3,1,0,2,0,,,,,,,
explode,3,0,0,1,0,,,,,,,
murderer,2,0,12,4,0,,,,,,,
blah,2,6,10,3,5,,,,,,,
raped,2,0,9,3,1,,,,,,,
crash,2,1,9,6,3,,,,,,,
dirt,2,3,9,10,2,,,,,,,
expensive,2,2,9,17,2,,,,,,,
divisive,2,2,8,4,4,,,,,,,
mock,2,0,7,4,2,,,,,,,
shocking,2,2,7,6,0,,,,,,,
warned,2,2,6,2,1,,,,,,,
gullible,2,2,6,7,0,,,,,,,
burning,2,2,6,3,6,,,,,,,
utterly,2,1,6,3,2,,,,,,,
tortured,2,0,6,0,0,,,,,,,
irony,2,2,5,1,2,,,,,,,
slur,2,0,5,3,6,,,,,,,
challenging,2,0,5,0,1,,,,,,,
stumble,2,0,5,0,0,,,,,,,
aggression,2,0,5,1,0,,,,,,,
disastrous,2,2,5,1,2,,,,,,,
undocumented,2,0,5,0,0,,,,,,,
terror,2,0,5,3,1,,,,,,,
delusion,2,1,5,2,2,,,,,,,
overwhelming,2,0,5,2,0,,,,,,,
beware,2,1,4,4,0,,,,,,,
sack,2,0,4,1,0,,,,,,,
damaged,2,0,4,1,2,,,,,,,
bankrupt,2,1,4,3,2,,,,,,,
cruel,2,2,4,1,1,,,,,,,
disappointing,2,1,4,5,1,,,,,,,
immoral,2,2,4,1,0,,,,,,,
depression,2,1,4,0,1,,,,,,,
exaggeration,2,0,4,0,1,,,,,,,
surrender,2,1,4,2,0,,,,,,,
scam,2,1,4,7,0,,,,,,,
partisan,2,1,4,1,5,,,,,,,
rampant,2,0,4,5,0,,,,,,,
arrogant,2,2,4,3,0,,,,,,,
unlawful,2,0,4,0,0,,,,,,,
tout,2,0,3,0,0,,,,,,,
confuse,2,0,3,0,0,,,,,,,
frozen,2,0,3,3,0,,,,,,,
unnecessary,2,0,3,1,0,,,,,,,
cracked,2,1,3,0,0,,,,,,,
misguided,2,0,3,2,4,,,,,,,
criticize,2,0,3,1,1,,,,,,,
stench,2,1,3,0,0,,,,,,,
deceive,2,0,3,1,0,,,,,,,
misery,2,0,3,1,1,,,,,,,
grotesque,2,0,3,0,0,,,,,,,
destructive,2,0,3,1,3,,,,,,,
meaningless,2,0,3,1,1,,,,,,,
shady,2,10,3,2,1,,,,,,,
goofy,2,1,3,6,2,,,,,,,
shake,2,2,3,5,2,,,,,,,
crumbling,2,1,3,0,0,,,,,,,
inept,2,1,3,3,2,,,,,,,
shark,2,1,3,1,0,,,,,,,
error,2,1,3,0,0,,,,,,,
crushed,2,0,2,4,0,,,,,,,
slander,2,0,2,0,4,,,,,,,
prisoner,2,0,2,1,1,,,,,,,
stumbled,2,0,2,2,1,,,,,,,
threatening,2,2,2,1,2,,,,,,,
prick,2,0,2,0,0,,,,,,,
moronic,2,1,2,0,0,,,,,,,
audacity,2,0,2,3,0,,,,,,,
injustice,2,0,2,2,1,,,,,,,
malignant,2,0,2,0,1,,,,,,,
crappy,2,0,2,0,0,,,,,,,
miserably,2,0,2,2,0,,,,,,,
stall,2,0,2,0,0,,,,,,,
doom,2,1,2,5,2,,,,,,,
unlawfully,2,0,2,0,1,,,,,,,
humiliation,2,1,2,1,0,,,,,,,
petty,2,3,2,0,3,,,,,,,
complaint,2,0,2,5,0,,,,,,,
adversary,2,1,2,1,6,,,,,,,
invisible,2,0,2,0,1,,,,,,,
pariah,2,0,2,0,0,,,,,,,
demonic,2,0,2,4,0,,,,,,,
intimidate,2,0,2,0,0,,,,,,,
interfere,2,1,2,0,0,,,,,,,
disgust,2,1,2,1,2,,,,,,,
incorrect,2,0,2,1,1,,,,,,,
abolish,2,1,2,0,0,,,,,,,
unknown,2,0,2,1,1,,,,,,,
panicked,2,0,2,0,0,,,,,,,
humiliating,2,0,1,2,0,,,,,,,
critic,2,1,1,1,0,,,,,,,
criticized,2,2,1,1,3,,,,,,,
abusive,2,3,1,1,1,,,,,,,
breach,2,0,1,0,1,,,,,,,
manipulate,2,3,1,7,1,,,,,,,
abyss,2,1,1,0,0,,,,,,,
unexpected,2,0,1,0,1,,,,,,,
comical,2,0,1,2,1,,,,,,,
brainless,2,0,1,3,0,,,,,,,
venom,2,0,1,0,0,,,,,,,
tramp,2,2,1,0,0,,,,,,,
brat,2,1,1,4,0,,,,,,,
ugh,2,4,1,1,4,,,,,,,
chronic,2,0,1,0,0,,,,,,,
temper,2,2,1,0,0,,,,,,,
ridicule,2,0,1,0,1,,,,,,,
spite,2,0,1,1,1,,,,,,,
isolate,2,0,1,0,1,,,,,,,
horrid,2,0,1,0,0,,,,,,,
raving,2,0,1,0,0,,,,,,,
breakdown,2,0,1,0,0,,,,,,,
woe,2,1,1,2,1,,,,,,,
noise,2,1,1,4,0,,,,,,,
dictatorial,2,1,1,1,0,,,,,,,
leak,2,0,1,1,1,,,,,,,
rejection,2,0,1,0,0,,,,,,,
vengeance,2,0,1,0,0,,,,,,,
complained,2,0,1,5,0,,,,,,,
incessant,2,0,1,0,0,,,,,,,
suspicion,2,0,1,0,0,,,,,,,
torment,2,0,1,0,0,,,,,,,
bleed,2,0,1,1,0,,,,,,,
frustrated,2,0,1,3,1,,,,,,,
plea,2,1,1,0,1,,,,,,,
tyrannical,2,0,1,3,0,,,,,,,
illegitimate,2,0,1,0,0,,,,,,,
tainted,2,1,1,0,1,,,,,,,
untrustworthy,2,0,1,2,1,,,,,,,
bitch,2,0,1,4,0,,,,,,,
blasphemy,2,0,1,2,0,,,,,,,
negativity,2,0,1,2,1,,,,,,,
cowardly,2,0,1,0,2,,,,,,,
dunce,2,1,1,2,0,,,,,,,
sacrificed,2,0,1,0,1,,,,,,,
delaying,2,0,1,0,0,,,,,,,
absurdity,2,0,1,0,1,,,,,,,
dispute,2,0,1,2,1,,,,,,,
shatter,2,0,1,0,1,,,,,,,
enraged,2,0,1,0,1,,,,,,,
infuriating,2,1,1,0,1,,,,,,,
trashed,2,0,1,2,2,,,,,,,
slap,2,1,1,3,5,,,,,,,
inferior,2,2,1,1,0,,,,,,,
overturn,2,2,1,2,0,,,,,,,
cheater,2,0,1,5,0,,,,,,,
damned,2,0,1,2,2,,,,,,,
rough,2,1,1,0,1,,,,,,,
dire,2,0,1,1,0,,,,,,,
paranoid,2,1,1,0,0,,,,,,,
ludicrous,2,0,0,0,0,,,,,,,
innuendo,2,0,0,0,1,,,,,,,
ache,2,0,0,0,0,,,,,,,
hostility,2,0,0,0,0,,,,,,,
dick,2,0,0,6,0,,,,,,,
extermination,2,0,0,0,0,,,,,,,
unbearable,2,1,0,1,0,,,,,,,
overrated,2,0,0,2,0,,,,,,,
object,2,0,0,0,0,,,,,,,
cruelty,2,1,0,0,0,,,,,,,
mysterious,2,0,0,0,0,,,,,,,
pout,2,0,0,0,0,,,,,,,
autocratic,2,0,0,0,0,,,,,,,
smelled,2,0,0,0,0,,,,,,,
implication,2,1,0,0,1,,,,,,,
odor,2,0,0,0,0,,,,,,,
evade,2,0,0,0,0,,,,,,,
lacking,2,0,0,2,1,,,,,,,
torture,2,2,0,2,1,,,,,,,
unpleasant,2,0,0,0,0,,,,,,,
interrupt,2,8,0,1,0,,,,,,,
exhaust,2,0,0,0,0,,,,,,,
freezing,2,2,0,1,0,,,,,,,
chilly,2,0,0,0,0,,,,,,,
discredit,2,1,0,2,1,,,,,,,
arrogantly,2,0,0,0,0,,,,,,,
unequal,2,0,0,0,1,,,,,,,
collusion,2,0,0,1,0,,,,,,,
blackmail,2,0,0,4,0,,,,,,,
bump,2,0,0,0,0,,,,,,,
dastardly,2,0,0,0,0,,,,,,,
haunt,2,0,0,0,0,,,,,,,
overdue,2,1,0,1,0,,,,,,,
irrational,2,0,0,0,0,,,,,,,
smelly,2,0,0,0,0,,,,,,,
selfishness,2,0,0,2,0,,,,,,,
mist,2,0,0,0,0,,,,,,,
ordeal,2,0,0,0,0,,,,,,,
lonely,2,0,0,1,0,,,,,,,
mobster,2,0,0,0,0,,,,,,,
scandalous,2,0,0,1,1,,,,,,,
illiterate,2,0,0,3,0,,,,,,,
punk,2,0,0,2,0,,,,,,,
harassed,2,0,0,1,1,,,,,,,
degenerate,2,1,0,2,1,,,,,,,
ripoff,2,0,0,0,0,,,,,,,
deadbeat,2,0,0,0,1,,,,,,,
dubious,2,0,0,0,1,,,,,,,
abominable,2,0,0,0,0,,,,,,,
conspirator,2,0,0,0,1,,,,,,,
disturbed,2,0,0,0,0,,,,,,,
cliche,2,0,0,1,2,,,,,,,
stern,1,0,55,2,0,,,,,,,
complicit,1,0,12,1,0,,,,,,,
disappointed,1,4,11,17,3,,,,,,,
worthless,1,1,10,4,2,,,,,,,
gaffe,1,0,9,1,2,,,,,,,
hostage,1,2,9,9,0,,,,,,,
tyrant,1,0,9,6,1,,,,,,,
treasonous,1,0,9,2,1,,,,,,,
syndrome,1,1,7,3,2,,,,,,,
underestimate,1,1,7,0,5,,,,,,,
wreck,1,1,7,5,1,,,,,,,
foolish,1,4,6,7,2,,,,,,,
fragile,1,1,6,1,0,,,,,,,
resignation,1,0,6,0,0,,,,,,,
stutter,1,1,5,0,2,,,,,,,
disregard,1,1,5,0,3,,,,,,,
shameless,1,0,5,1,1,,,,,,,
stooge,1,0,5,8,2,,,,,,,
lawlessness,1,0,5,2,0,,,,,,,
oppose,1,1,5,3,0,,,,,,,
sin,1,1,5,2,1,,,,,,,
tyranny,1,0,5,2,0,,,,,,,
smoke,1,0,4,2,0,,,,,,,
dragging,1,0,4,1,0,,,,,,,
threaten,1,1,4,1,1,,,,,,,
accuse,1,2,4,1,2,,,,,,,
insanely,1,0,4,1,0,,,,,,,
pointless,1,1,4,1,2,,,,,,,
pitiful,1,0,4,2,1,,,,,,,
scandal,1,0,4,2,1,,,,,,,
messing,1,0,4,1,0,,,,,,,
criticism,1,1,4,0,0,,,,,,,
strict,1,0,4,0,1,,,,,,,
lawless,1,0,4,0,0,,,,,,,
worrying,1,0,4,1,2,,,,,,,
anger,1,3,4,3,4,,,,,,,
inequality,1,0,4,0,0,,,,,,,
flee,1,0,4,0,0,,,,,,,
discrimination,1,3,4,4,0,,,,,,,
abused,1,0,4,2,2,,,,,,,
excessive,1,0,4,2,0,,,,,,,
liability,1,0,4,0,1,,,,,,,
freeze,1,0,4,0,0,,,,,,,
deaf,1,0,4,1,1,,,,,,,
despise,1,0,4,3,1,,,,,,,
complicated,1,0,4,0,0,,,,,,,
offend,1,0,3,0,0,,,,,,,
dumped,1,0,3,2,0,,,,,,,
impaired,1,0,3,2,0,,,,,,,
suffers,1,0,3,0,1,,,,,,,
undecided,1,1,3,6,4,,,,,,,
jam,1,0,3,3,2,,,,,,,
frail,1,0,3,0,0,,,,,,,
chaotic,1,0,3,1,0,,,,,,,
oppression,1,2,3,1,0,,,,,,,
unwanted,1,1,3,0,2,,,,,,,
vicious,1,0,3,2,1,,,,,,,
blasphemous,1,0,3,1,0,,,,,,,
instability,1,0,3,0,2,,,,,,,
unqualified,1,1,3,4,3,,,,,,,
perverted,1,2,3,0,0,,,,,,,
mar,1,1,3,1,1,,,,,,,
incoherent,1,0,3,3,1,,,,,,,
punish,1,0,3,2,1,,,,,,,
displaced,1,1,3,1,2,,,,,,,
baffled,1,0,3,2,0,,,,,,,
refusing,1,1,3,0,0,,,,,,,
stark,1,1,3,2,2,,,,,,,
rot,1,1,3,1,0,,,,,,,
geezer,1,1,3,0,0,,,,,,,
disingenuous,1,2,3,1,2,,,,,,,
oversight,1,0,3,1,0,,,,,,,
hype,1,1,3,3,0,,,,,,,
gossip,1,0,3,2,0,,,,,,,
lier,1,1,3,6,6,,,,,,,
trap,1,3,2,1,5,,,,,,,
panic,1,1,2,2,0,,,,,,,
hopeless,1,0,2,2,0,,,,,,,
urgent,1,1,2,3,1,,,,,,,
trapped,1,1,2,0,1,,,,,,,
complication,1,0,2,0,0,,,,,,,
slowed,1,0,2,0,0,,,,,,,
devoid,1,1,2,1,0,,,,,,,
starve,1,0,2,1,0,,,,,,,
relentless,1,0,2,0,1,,,,,,,
devious,1,0,2,1,0,,,,,,,
outsider,1,0,2,0,1,,,,,,,
lapse,1,0,2,1,0,,,,,,,
travesty,1,0,2,1,0,,,,,,,
spews,1,0,2,2,2,,,,,,,
traitorous,1,0,2,3,0,,,,,,,
crush,1,2,2,4,2,,,,,,,
goof,1,0,2,0,0,,,,,,,
suicide,1,0,2,1,0,,,,,,,
laughingstock,1,0,2,1,0,,,,,,,
hysterical,1,0,2,4,2,,,,,,,
abomination,1,0,2,1,0,,,,,,,
endanger,1,0,2,0,0,,,,,,,
inconsistent,1,0,2,0,1,,,,,,,
impeach,1,1,2,0,0,,,,,,,
sneaky,1,0,2,1,0,,,,,,,
wrongly,1,0,2,0,0,,,,,,,
grief,1,0,2,0,1,,,,,,,
decrepit,1,0,2,0,0,,,,,,,
virus,1,0,2,6,4,,,,,,,
depressing,1,0,2,1,0,,,,,,,
disruption,1,0,2,0,0,,,,,,,
mockery,1,0,2,0,0,,,,,,,
goon,1,0,2,1,2,,,,,,,
egotistical,1,0,2,0,0,,,,,,,
biting,1,0,2,0,0,,,,,,,
pandering,1,0,2,9,3,,,,,,,
knock,1,2,2,3,2,,,,,,,
provoke,1,0,2,0,0,,,,,,,
demise,1,0,2,2,0,,,,,,,
rail,1,0,2,1,0,,,,,,,
invalid,1,0,2,1,0,,,,,,,
bum,1,0,2,0,2,,,,,,,
blather,1,0,2,0,1,,,,,,,
vulnerable,1,1,2,2,0,,,,,,,
deter,1,0,2,0,1,,,,,,,
menace,1,3,2,1,0,,,,,,,
superficial,1,0,2,1,3,,,,,,,
sarcasm,1,0,2,0,3,,,,,,,
impunity,1,0,2,0,0,,,,,,,
demeaning,1,0,2,0,2,,,,,,,
disagreement,1,2,2,1,0,,,,,,,
poorer,1,1,2,2,0,,,,,,,
offender,1,3,2,2,0,,,,,,,
doddering,1,0,2,0,0,,,,,,,
brutally,1,0,2,0,0,,,,,,,
bloody,1,1,2,2,2,,,,,,,
oblivious,1,0,2,1,0,,,,,,,
impediment,1,0,2,0,0,,,,,,,
harsh,1,1,2,1,1,,,,,,,
deceiving,1,0,2,2,1,,,,,,,
irresponsible,1,2,2,0,0,,,,,,,
blatantly,1,1,2,2,2,,,,,,,
rejected,1,1,2,1,1,,,,,,,
heinous,1,0,1,1,0,,,,,,,
atrocity,1,0,1,1,1,,,,,,,
peril,1,0,1,0,1,,,,,,,
pathetically,1,0,1,0,0,,,,,,,
overlook,1,0,1,1,1,,,,,,,
savage,1,0,1,1,2,,,,,,,
anxious,1,0,1,0,0,,,,,,,
coercion,1,0,1,1,0,,,,,,,
alarming,1,0,1,3,0,,,,,,,
awkward,1,5,1,5,3,,,,,,,
burden,1,0,1,5,1,,,,,,,
hysteria,1,0,1,0,0,,,,,,,
outbreak,1,0,1,0,2,,,,,,,
boiling,1,0,1,0,1,,,,,,,
defensive,1,1,1,0,0,,,,,,,
gangster,1,2,1,0,2,,,,,,,
myth,1,0,1,0,0,,,,,,,
scoundrel,1,0,1,0,0,,,,,,,
fictional,1,0,1,0,0,,,,,,,
uglier,1,0,1,0,0,,,,,,,
accusing,1,0,1,1,1,,,,,,,
defect,1,0,1,0,0,,,,,,,
isolation,1,0,1,0,0,,,,,,,
carnage,1,0,1,0,0,,,,,,,
spoil,1,1,1,0,0,,,,,,,
flawed,1,0,1,2,0,,,,,,,
repulsive,1,0,1,0,2,,,,,,,
compulsive,1,0,1,1,3,,,,,,,
disgraced,1,0,1,0,0,,,,,,,
denies,1,0,1,0,0,,,,,,,
poorly,1,0,1,4,1,,,,,,,
crashing,1,1,1,0,0,,,,,,,
sinking,1,0,1,1,3,,,,,,,
humiliate,1,0,1,0,2,,,,,,,
bumped,1,0,1,0,0,,,,,,,
disgracefully,1,0,1,0,0,,,,,,,
torturing,1,0,1,0,0,,,,,,,
imprisonment,1,0,1,1,0,,,,,,,
traumatic,1,0,1,0,0,,,,,,,
wobble,1,0,1,0,0,,,,,,,
confusing,1,0,1,1,1,,,,,,,
obstruction,1,0,1,1,0,,,,,,,
intimidation,1,0,1,0,0,,,,,,,
disadvantage,1,0,1,0,1,,,,,,,
hung,1,3,1,1,0,,,,,,,
inexcusable,1,0,1,0,1,,,,,,,
insignificant,1,0,1,1,0,,,,,,,
frustrating,1,0,1,1,0,,,,,,,
sting,1,0,1,0,1,,,,,,,
trivial,1,0,1,0,1,,,,,,,
sly,1,0,1,1,1,,,,,,,
blasted,1,0,1,0,0,,,,,,,
dismay,1,0,1,1,0,,,,,,,
intimidating,1,0,1,0,0,,,,,,,
devastating,1,1,1,3,1,,,,,,,
draining,1,1,1,0,0,,,,,,,
impose,1,1,1,1,1,,,,,,,
destroyer,1,1,1,1,0,,,,,,,
flagrantly,1,0,1,0,0,,,,,,,
deterrent,1,0,1,0,0,,,,,,,
boil,1,1,1,0,0,,,,,,,
plot,1,4,1,2,0,,,,,,,
brazen,1,0,1,0,0,,,,,,,
hostile,1,3,1,0,0,,,,,,,
abnormal,1,0,1,0,3,,,,,,,
fierce,1,3,1,2,0,,,,,,,
drowning,1,0,1,0,0,,,,,,,
desperation,1,1,1,6,0,,,,,,,
confess,1,2,1,0,0,,,,,,,
furious,1,1,1,0,0,,,,,,,
dripping,1,0,1,0,0,,,,,,,
maniac,1,0,1,1,0,,,,,,,
babble,1,0,1,0,0,,,,,,,
shriek,1,0,1,0,0,,,,,,,
lurking,1,0,1,0,0,,,,,,,
rift,1,0,1,0,0,,,,,,,
inappropriate,1,3,1,1,3,,,,,,,
defiant,1,0,1,0,0,,,,,,,
disloyal,1,0,1,0,0,,,,,,,
raging,1,0,1,0,1,,,,,,,
snarky,1,0,1,0,0,,,,,,,
suppress,1,0,1,1,1,,,,,,,
ailment,1,0,1,0,0,,,,,,,
hazardous,1,0,1,0,0,,,,,,,
worn,1,0,1,1,0,,,,,,,
complacent,1,2,1,0,1,,,,,,,
ironically,1,1,1,1,1,,,,,,,
erase,1,0,1,2,1,,,,,,,
untrue,1,1,1,0,0,,,,,,,
dumping,1,0,1,1,0,,,,,,,
absence,1,0,1,1,0,,,,,,,
clumsy,1,0,1,0,0,,,,,,,
treachery,1,0,1,0,0,,,,,,,
mislead,1,1,1,1,0,,,,,,,
cave,1,0,1,0,0,,,,,,,
deceiver,1,1,1,2,0,,,,,,,
hardship,1,0,1,4,6,,,,,,,
indoctrination,1,0,1,0,0,,,,,,,
barbaric,1,0,1,0,0,,,,,,,
condemnation,1,0,1,1,0,,,,,,,
friggin,1,0,1,0,0,,,,,,,
ineptitude,1,0,1,0,0,,,,,,,
obsolete,1,1,1,0,1,,,,,,,
restrict,1,0,1,0,0,,,,,,,
damning,1,1,1,0,0,,,,,,,
harmful,1,0,1,1,0,,,,,,,
distortion,1,0,1,0,0,,,,,,,
repetitive,1,0,1,0,0,,,,,,,
heartbreaking,1,0,1,1,0,,,,,,,
cancerous,1,0,0,0,0,,,,,,,
degeneration,1,0,0,0,0,,,,,,,
bitter,1,1,0,2,1,,,,,,,
obscenity,1,0,0,0,1,,,,,,,
militancy,1,0,0,0,0,,,,,,,
regretted,1,0,0,0,0,,,,,,,
insecurity,1,0,0,2,0,,,,,,,
frantically,1,0,0,0,0,,,,,,,
devastation,1,0,0,0,0,,,,,,,
demean,1,0,0,2,0,,,,,,,
discriminatory,1,1,0,0,0,,,,,,,
topple,1,0,0,0,0,,,,,,,
messy,1,0,0,0,3,,,,,,,
disagrees,1,2,0,0,1,,,,,,,
pry,1,0,0,0,0,,,,,,,
intolerance,1,1,0,1,1,,,,,,,
sneak,1,0,0,1,1,,,,,,,
atrocious,1,2,0,0,2,,,,,,,
scarcity,1,0,0,0,0,,,,,,,
dissonance,1,0,0,0,0,,,,,,,
impoverish,1,0,0,0,0,,,,,,,
tamper,1,0,0,0,0,,,,,,,
gaff,1,0,0,1,0,,,,,,,
hoodwink,1,0,0,0,0,,,,,,,
predatory,1,0,0,0,0,,,,,,,
riled,1,0,0,0,1,,,,,,,
futile,1,0,0,0,0,,,,,,,
crippled,1,0,0,2,0,,,,,,,
devastated,1,0,0,0,2,,,,,,,
cramp,1,0,0,0,0,,,,,,,
unnatural,1,1,0,0,0,,,,,,,
despicably,1,0,0,0,0,,,,,,,
disheartening,1,0,0,1,0,,,,,,,
exploitation,1,0,0,1,1,,,,,,,
dissing,1,0,0,1,0,,,,,,,
cartoonish,1,0,0,0,0,,,,,,,
condemns,1,0,0,0,0,,,,,,,
faze,1,0,0,0,0,,,,,,,
servitude,1,0,0,1,0,,,,,,,
notorious,1,0,0,1,0,,,,,,,
contemptible,1,0,0,0,0,,,,,,,
obnoxious,1,0,0,0,0,,,,,,,
snobbish,1,0,0,0,0,,,,,,,
opinionated,1,0,0,1,0,,,,,,,
inadequate,1,0,0,0,0,,,,,,,
monotonous,1,0,0,0,0,,,,,,,
overwhelmingly,1,0,0,0,1,,,,,,,
livid,1,0,0,0,0,,,,,,,
felonious,1,0,0,0,0,,,,,,,
bothering,1,1,0,1,0,,,,,,,
wildly,1,0,0,1,0,,,,,,,
grim,1,0,0,1,0,,,,,,,
fidget,1,0,0,0,0,,,,,,,
naughty,1,0,0,0,0,,,,,,,
disinterested,1,0,0,0,0,,,,,,,
accidental,1,0,0,0,0,,,,,,,
aggressor,1,0,0,0,0,,,,,,,
craziness,1,0,0,1,0,,,,,,,
skinny,1,0,0,0,0,,,,,,,
unattractive,1,1,0,0,0,,,,,,,
betrays,1,0,0,0,0,,,,,,,
convoluted,1,0,0,0,0,,,,,,,
faulty,1,0,0,1,0,,,,,,,
chore,1,0,0,0,0,,,,,,,
defiantly,1,0,0,1,0,,,,,,,
confined,1,0,0,0,0,,,,,,,
malign,1,0,0,0,0,,,,,,,
moody,1,0,0,0,0,,,,,,,
conceded,1,1,0,0,0,,,,,,,
apologist,1,0,0,0,0,,,,,,,
equivocal,1,0,0,0,0,,,,,,,
relentlessly,1,0,0,1,1,,,,,,,
undue,1,0,0,0,0,,,,,,,
hegemonism,1,0,0,0,0,,,,,,,
inaccurate,1,0,0,1,0,,,,,,,
hideous,1,0,0,0,0,,,,,,,
inhumane,1,1,0,0,0,,,,,,,
barren,1,0,0,0,0,,,,,,,
obtuse,1,0,0,0,0,,,,,,,
affliction,1,0,0,0,0,,,,,,,
weed,1,0,0,1,0,,,,,,,
grumpy,1,0,0,0,1,,,,,,,
negate,1,0,0,0,0,,,,,,,
brutalize,1,0,0,0,0,,,,,,,
musty,1,0,0,0,0,,,,,,,
fearful,1,0,0,1,0,,,,,,,
strictly,1,2,0,0,0,,,,,,,
erroneously,1,0,0,0,0,,,,,,,
subvert,1,0,0,0,0,,,,,,,
jeopardy,1,0,0,0,1,,,,,,,
weaken,1,0,0,0,1,,,,,,,
severity,1,0,0,0,0,,,,,,,
squeaky,1,1,0,0,0,,,,,,,
impotent,1,1,0,0,0,,,,,,,
refusal,1,1,0,1,0,,,,,,,
fever,1,0,0,0,0,,,,,,,
sweaty,1,0,0,0,0,,,,,,,
appalled,1,0,0,0,1,,,,,,,
unwarranted,1,0,0,0,0,,,,,,,
stubborn,1,0,0,0,0,,,,,,,
frighten,1,1,0,1,0,,,,,,,
illogical,1,0,0,1,0,,,,,,,
tension,1,0,0,0,1,,,,,,,
perversion,1,0,0,1,1,,,,,,,
subjugation,1,0,0,0,0,,,,,,,
disillusioned,1,1,0,0,0,,,,,,,
tricked,1,0,0,0,0,,,,,,,
detrimental,1,0,0,1,1,,,,,,,
predicament,1,0,0,0,0,,,,,,,
crude,1,1,0,2,1,,,,,,,
controversial,1,0,0,1,1,,,,,,,
fanaticism,1,0,0,0,0,,,,,,,
insufficiently,1,0,0,0,0,,,,,,,
dwindling,1,0,0,0,0,,,,,,,
horde,1,1,0,0,0,,,,,,,
qualm,1,0,0,0,0,,,,,,,
warped,1,1,0,0,0,,,,,,,
downgrade,1,0,0,0,0,,,,,,,
blabber,1,0,0,1,0,,,,,,,
blab,1,0,0,0,0,,,,,,,
annihilation,1,0,0,0,0,,,,,,,
disapproval,1,0,0,0,0,,,,,,,
negligent,1,0,0,0,0,,,,,,,
undone,1,0,0,0,0,,,,,,,
miscreant,1,0,0,0,0,,,,,,,
spitefulness,1,0,0,0,0,,,,,,,
inconceivable,1,0,0,0,0,,,,,,,
grudge,1,2,0,0,0,,,,,,,
underdog,1,1,0,0,0,,,,,,,
repressive,1,0,0,0,0,,,,,,,
startling,1,0,0,0,0,,,,,,,
problematic,1,0,0,0,0,,,,,,,
fleeting,1,0,0,0,0,,,,,,,
expire,1,0,0,0,0,,,,,,,
boredom,1,0,0,0,0,,,,,,,
apocalypse,1,0,0,0,1,,,,,,,
unlikely,1,0,0,2,0,,,,,,,
revoke,1,0,0,1,0,,,,,,,
fatty,1,0,0,0,0,,,,,,,
impatient,1,0,0,0,0,,,,,,,
insecure,1,0,0,0,0,,,,,,,
lemon,1,1,0,1,0,,,,,,,
shunned,1,0,0,0,0,,,,,,,
unmoved,1,0,0,1,0,,,,,,,
disservice,1,0,0,1,1,,,,,,,
disgustingly,1,0,0,0,0,,,,,,,
foolishly,1,0,0,1,0,,,,,,,
leech,1,0,0,1,0,,,,,,,
fury,1,0,0,0,0,,,,,,,
foe,1,2,0,1,0,,,,,,,
corrosive,1,0,0,0,0,,,,,,,
detriment,1,0,0,0,0,,,,,,,
squirm,1,0,0,0,0,,,,,,,
temptation,1,0,0,1,0,,,,,,,
misinformed,1,1,0,4,0,,,,,,,
disagreeing,1,2,0,1,0,,,,,,,
repugnant,1,0,0,0,0,,,,,,,
awfulness,1,0,0,0,0,,,,,,,
shockingly,1,0,0,0,0,,,,,,,
disbelief,1,1,0,1,0,,,,,,,
encroach,1,0,0,0,0,,,,,,,
yawn,1,0,0,0,0,,,,,,,
noisy,1,0,0,0,0,,,,,,,
mistress,1,1,0,1,1,,,,,,,
trashy,1,0,0,3,0,,,,,,,
undermines,1,0,0,1,1,,,,,,,
evasion,1,0,0,0,0,,,,,,,
floored,1,0,0,0,0,,,,,,,
unjust,1,0,0,0,0,,,,,,,
instigate,1,0,0,0,0,,,,,,,
dishonorable,1,0,0,0,0,,,,,,,
unworthy,1,0,0,0,1,,,,,,,
haggard,1,0,0,0,0,,,,,,,
restless,1,0,0,0,0,,,,,,,
accuses,1,0,0,1,1,,,,,,,
scolding,1,0,0,0,0,,,,,,,
irresponsibly,1,0,0,0,0,,,,,,,
junk,1,0,0,2,1,,,,,,,
flaw,1,0,0,0,3,,,,,,,
wimpy,1,0,0,0,1,,,,,,,
gloom,1,1,0,1,1,,,,,,,
skeptical,1,3,0,0,0,,,,,,,
frown,1,0,0,0,0,,,,,,,
infringe,1,0,0,0,1,,,,,,,
selfishly,1,0,0,1,0,,,,,,,
evasive,1,0,0,1,0,,,,,,,
stingy,1,0,0,0,0,,,,,,,
vague,1,1,0,4,0,,,,,,,
incomprehensible,1,2,0,0,0,,,,,,,
static,1,0,0,0,0,,,,,,,
fanatical,1,0,0,0,0,,,,,,,
futility,1,0,0,0,0,,,,,,,
deceptive,1,0,0,3,1,,,,,,,
skepticism,1,0,0,0,0,,,,,,,
randomly,1,0,0,1,0,,,,,,,
scapegoat,1,0,0,1,1,,,,,,,
confound,1,0,0,0,0,,,,,,,
premeditated,1,0,0,0,0,,,,,,,
satirical,1,0,0,0,0,,,,,,,
unfavorable,1,0,0,0,1,,,,,,,
worsen,1,0,0,0,2,,,,,,,
disappoints,1,0,0,0,0,,,,,,,
unemployed,1,1,0,0,0,,,,,,,
unlucky,1,0,0,0,0,,,,,,,
hollow,1,1,0,2,0,,,,,,,
incitement,1,0,0,0,0,,,,,,,
malice,1,0,0,0,0,,,,,,,
despair,1,0,0,0,0,,,,,,,
ruthlessness,1,0,0,0,0,,,,,,,
bleeds,1,0,0,1,0,,,,,,,
cuss,1,0,0,1,1,,,,,,,
extortion,1,0,0,0,1,,,,,,,
itch,1,1,0,0,0,,,,,,,
concession,1,0,0,0,0,,,,,,,
craven,1,1,0,0,0,,,,,,,
foul,1,0,0,4,0,,,,,,,
anxiety,1,2,0,0,2,,,,,,,
havoc,1,0,0,0,1,,,,,,,
contradiction,1,0,0,0,0,,,,,,,
inaccuracy,1,0,0,0,0,,,,,,,
parasite,1,2,0,1,1,,,,,,,
quack,1,0,0,0,0,,,,,,,
peculiar,1,0,0,1,0,,,,,,,
baffling,1,0,0,1,0,,,,,,,
unreasonably,1,0,0,0,0,,,,,,,
unclear,1,1,0,0,0,,,,,,,
impolite,1,0,0,0,0,,,,,,,
aggressiveness,1,0,0,0,0,,,,,,,
grieving,1,0,0,0,0,,,,,,,
exaggerate,1,0,0,0,0,,,,,,,
conspicuous,1,0,0,0,0,,,,,,,
indifferent,1,0,0,0,0,,,,,,,
grimace,1,0,0,0,0,,,,,,,
inflammatory,1,0,0,0,1,,,,,,,
sob,1,1,0,0,2,,,,,,,
controversy,1,1,0,1,0,,,,,,,
scratched,1,0,0,0,0,,,,,,,
unravel,1,0,0,1,0,,,,,,,
implicate,1,0,0,0,0,,,,,,,
retreated,1,0,0,0,0,,,,,,,
shamelessly,1,1,0,0,2,,,,,,,
horrifying,1,0,0,3,1,,,,,,,
estranged,1,0,0,0,0,,,,,,,
discord,1,0,0,0,0,,,,,,,
sorrow,1,0,0,0,1,,,,,,,
concede,1,1,0,2,0,,,,,,,
punishable,1,0,0,0,0,,,,,,,
plague,1,0,0,1,0,,,,,,,
unsuspecting,1,0,0,0,0,,,,,,,
drab,1,0,0,0,0,,,,,,,
shabby,1,0,0,0,0,,,,,,,
uneasy,1,0,0,0,0,,,,,,,
contaminated,1,1,0,0,0,,,,,,,
subdued,1,0,0,0,0,,,,,,,
poverty,0,6,9,6,6,,,,,,,
cannibal,0,0,9,0,0,,,,,,,
scum,0,3,7,1,1,,,,,,,
imbecile,0,1,7,0,1,,,,,,,
curse,0,1,7,2,3,,,,,,,
laughable,0,4,6,4,2,,,,,,,
recession,0,1,6,0,4,,,,,,,
sink,0,1,6,2,0,,,,,,,
horrific,0,1,6,1,1,,,,,,,
struck,0,0,6,5,2,,,,,,,
gibberish,0,0,6,1,1,,,,,,,
arrogance,0,0,6,2,0,,,,,,,
vain,0,0,6,2,1,,,,,,,
unfortunate,0,1,5,1,0,,,,,,,
brutal,0,1,5,3,2,,,,,,,
feeble,0,0,5,4,2,,,,,,,
revenge,0,0,5,2,2,,,,,,,
criticizing,0,0,5,4,3,,,,,,,
slaughter,0,0,5,0,0,,,,,,,
blunder,0,0,5,0,2,,,,,,,
regret,0,2,4,4,1,,,,,,,
desert,0,1,4,1,0,,,,,,,
pervert,0,1,4,2,3,,,,,,,
cackle,0,1,4,9,4,,,,,,,
stuttering,0,0,4,0,0,,,,,,,
turmoil,0,0,4,0,1,,,,,,,
ding,0,0,4,0,0,,,,,,,
disappointment,0,2,3,6,0,,,,,,,
degrade,0,1,3,2,2,,,,,,,
hegemony,0,1,3,0,0,,,,,,,
backward,0,1,3,2,0,,,,,,,
inevitable,0,1,3,0,0,,,,,,,
distress,0,1,3,0,2,,,,,,,
upsetting,0,1,3,0,0,,,,,,,
idiocy,0,1,3,1,0,,,,,,,
embarrass,0,0,3,2,3,,,,,,,
terribly,0,0,3,0,1,,,,,,,
wrinkle,0,0,3,1,0,,,,,,,
scariest,0,0,3,1,0,,,,,,,
disliked,0,0,3,0,0,,,,,,,
rocky,0,0,3,0,0,,,,,,,
forgetful,0,0,3,0,0,,,,,,,
cocky,0,0,3,0,0,,,,,,,
wack,0,0,3,4,0,,,,,,,
deteriorating,0,0,3,0,0,,,,,,,
stressful,0,0,3,0,0,,,,,,,
powerless,0,0,3,0,0,,,,,,,
disturb,0,0,3,0,0,,,,,,,
stress,0,0,3,1,2,,,,,,,
isolated,0,0,3,0,1,,,,,,,
retarded,0,0,3,0,0,,,,,,,
scrambling,0,0,3,0,0,,,,,,,
twist,0,3,2,3,1,,,,,,,
difficulty,0,2,2,2,2,,,,,,,
disobedience,0,2,2,0,0,,,,,,,
distract,0,2,2,2,2,,,,,,,
shortage,0,1,2,0,5,,,,,,,
slaughtered,0,1,2,0,0,,,,,,,
smug,0,1,2,1,1,,,,,,,
anarchy,0,1,2,1,1,,,,,,,
depraved,0,1,2,1,0,,,,,,,
toll,0,1,2,1,1,,,,,,,
hassle,0,1,2,1,0,,,,,,,
forfeit,0,1,2,0,0,,,,,,,
bug,0,1,2,0,0,,,,,,,
sarcastic,0,1,2,2,1,,,,,,,
bust,0,1,2,1,0,,,,,,,
careless,0,1,2,1,0,,,,,,,
spewed,0,1,2,3,1,,,,,,,
douchebag,0,1,2,0,0,,,,,,,
fumble,0,0,2,1,0,,,,,,,
filth,0,0,2,3,0,,,,,,,
sucked,0,0,2,2,1,,,,,,,
sleazy,0,0,2,1,1,,,,,,,
dazed,0,0,2,0,0,,,,,,,
figurehead,0,0,2,2,0,,,,,,,
plagiarize,0,0,2,0,0,,,,,,,
battered,0,0,2,0,0,,,,,,,
unsettling,0,0,2,1,1,,,,,,,
excessively,0,0,2,0,0,,,,,,,
nefarious,0,0,2,1,0,,,,,,,
obliterate,0,0,2,0,0,,,,,,,
perilous,0,0,2,0,0,,,,,,,
unacceptable,0,0,2,2,4,,,,,,,
furiously,0,0,2,0,0,,,,,,,
unsuccessful,0,0,2,0,0,,,,,,,
prejudice,0,0,2,0,1,,,,,,,
invader,0,0,2,1,0,,,,,,,
painfully,0,0,2,0,0,,,,,,,
counterproductive,0,0,2,0,0,,,,,,,
dull,0,0,2,2,1,,,,,,,
stammer,0,0,2,0,0,,,,,,,
layoff,0,0,2,1,0,,,,,,,
unleash,0,0,2,0,0,,,,,,,
degrading,0,0,2,0,1,,,,,,,
murderous,0,0,2,0,1,,,,,,,
massacre,0,0,2,0,3,,,,,,,
spew,0,0,2,1,3,,,,,,,
pan,0,0,2,2,0,,,,,,,
unthinkable,0,0,2,0,0,,,,,,,
obese,0,0,2,0,0,,,,,,,
stain,0,0,2,1,0,,,,,,,
unpredictable,0,0,2,0,0,,,,,,,
damaging,0,0,2,1,1,,,,,,,
misunderstood,0,0,2,0,0,,,,,,,
dehumanization,0,0,2,0,0,,,,,,,
despised,0,0,2,0,1,,,,,,,
fried,0,0,2,0,1,,,,,,,
crashed,0,0,2,2,0,,,,,,,
senseless,0,0,2,3,0,,,,,,,
reluctantly,0,0,2,0,3,,,,,,,
reluctant,0,0,2,0,0,,,,,,,
ineligible,0,0,2,0,0,,,,,,,
unrealistic,0,0,2,0,1,,,,,,,
bombard,0,0,2,0,0,,,,,,,
unintelligible,0,0,2,1,0,,,,,,,
bonkers,0,0,2,0,0,,,,,,,
smash,0,0,2,1,0,,,,,,,
tangled,0,0,2,0,0,,,,,,,
antagonist,0,0,2,0,0,,,,,,,
stiff,0,0,2,0,0,,,,,,,
fanatic,0,0,2,0,0,,,,,,,
stew,0,0,2,0,0,,,,,,,
derogatory,0,0,2,0,0,,,,,,,
tumble,0,0,2,0,0,,,,,,,
treacherous,0,0,2,1,0,,,,,,,
worsening,0,0,2,0,0,,,,,,,
infected,0,0,2,2,0,,,,,,,
harass,0,0,2,0,0,,,,,,,
deceit,0,0,2,0,1,,,,,,,
fiction,0,0,2,0,1,,,,,,,
stab,0,0,2,0,0,,,,,,,
meltdown,0,0,2,1,0,,,,,,,
apocalyptic,0,0,2,0,0,,,,,,,
spade,0,0,2,0,0,,,,,,,
confusion,0,0,2,1,1,,,,,,,
rash,0,0,2,0,0,,,,,,,
sadness,0,0,2,0,0,,,,,,,
sober,0,0,2,1,0,,,,,,,
forged,0,0,2,0,0,,,,,,,
reprehensible,0,4,1,1,1,,,,,,,
stagnant,0,4,1,0,0,,,,,,,
struggled,0,3,1,0,1,,,,,,,
sabotage,0,2,1,1,0,,,,,,,
jobless,0,1,1,0,0,,,,,,,
bitterly,0,1,1,0,0,,,,,,,
fallacy,0,1,1,0,0,,,,,,,
greasy,0,1,1,0,1,,,,,,,
scramble,0,1,1,0,0,,,,,,,
annoys,0,1,1,0,0,,,,,,,
condescending,0,1,1,1,2,,,,,,,
protested,0,1,1,1,0,,,,,,,
cheesy,0,1,1,1,0,,,,,,,
scarier,0,1,1,1,0,,,,,,,
fabrication,0,1,1,0,0,,,,,,,
incorrectly,0,1,1,0,0,,,,,,,
irrelevance,0,1,1,0,0,,,,,,,
heartless,0,1,1,0,0,,,,,,,
sarcastically,0,1,1,0,0,,,,,,,
sketchy,0,1,1,2,0,,,,,,,
ruthless,0,1,1,0,0,,,,,,,
imperfect,0,1,1,2,0,,,,,,,
exile,0,1,1,0,0,,,,,,,
solemn,0,1,1,0,0,,,,,,,
flagrant,0,1,1,0,0,,,,,,,
hedge,0,1,1,0,0,,,,,,,
famine,0,1,1,0,0,,,,,,,
perish,0,1,1,1,1,,,,,,,
shiver,0,1,1,2,0,,,,,,,
costly,0,1,1,0,0,,,,,,,
manipulative,0,1,1,1,1,,,,,,,
strangely,0,1,1,0,1,,,,,,,
demonize,0,1,1,3,1,,,,,,,
vehemently,0,1,1,1,0,,,,,,,
obstacle,0,1,1,1,0,,,,,,,
renounce,0,1,1,0,0,,,,,,,
inexperienced,0,1,1,0,0,,,,,,,
bigotry,0,1,1,3,2,,,,,,,
dust,0,1,1,5,1,,,,,,,
awkwardness,0,1,1,0,0,,,,,,,
disdain,0,1,1,3,0,,,,,,,
uninformed,0,1,1,2,0,,,,,,,
fiend,0,1,1,0,0,,,,,,,
dehumanize,0,1,1,0,0,,,,,,,
drunken,0,1,1,0,0,,,,,,,
mundane,0,1,1,0,0,,,,,,,
enslave,0,0,1,0,0,,,,,,,
sneer,0,0,1,0,0,,,,,,,
uncomfortable,0,0,1,0,1,,,,,,,
inflated,0,0,1,0,1,,,,,,,
deterioration,0,0,1,0,0,,,,,,,
blemish,0,0,1,0,0,,,,,,,
drastically,0,0,1,0,0,,,,,,,
wreak,0,0,1,0,0,,,,,,,
heartbreakingly,0,0,1,0,0,,,,,,,
pitiable,0,0,1,0,0,,,,,,,
sour,0,0,1,0,4,,,,,,,
weaker,0,0,1,0,0,,,,,,,
disable,0,0,1,0,0,,,,,,,
unauthentic,0,0,1,0,0,,,,,,,
bravado,0,0,1,0,0,,,,,,,
rife,0,0,1,0,0,,,,,,,
tiring,0,0,1,0,0,,,,,,,
dropout,0,0,1,1,0,,,,,,,
unaffordable,0,0,1,1,1,,,,,,,
scathing,0,0,1,0,0,,,,,,,
buzzing,0,0,1,1,0,,,,,,,
confrontation,0,0,1,0,0,,,,,,,
incoherently,0,0,1,1,0,,,,,,,
rigid,0,0,1,0,0,,,,,,,
neglected,0,0,1,0,1,,,,,,,
mishap,0,0,1,0,0,,,,,,,
omit,0,0,1,0,0,,,,,,,
choke,0,0,1,1,0,,,,,,,
warp,0,0,1,0,1,,,,,,,
dread,0,0,1,1,0,,,,,,,
invasive,0,0,1,0,0,,,,,,,
paralyzed,0,0,1,0,0,,,,,,,
revengeful,0,0,1,1,0,,,,,,,
asinine,0,0,1,1,0,,,,,,,
unsure,0,0,1,0,1,,,,,,,
impractical,0,0,1,0,0,,,,,,,
lacked,0,0,1,0,0,,,,,,,
unimportant,0,0,1,0,0,,,,,,,
blistering,0,0,1,0,0,,,,,,,
lackey,0,0,1,2,0,,,,,,,
mispronounced,0,0,1,0,0,,,,,,,
aweful,0,0,1,0,0,,,,,,,
fleeing,0,0,1,1,1,,,,,,,
untouched,0,0,1,0,0,,,,,,,
dissatisfied,0,0,1,0,0,,,,,,,
crippling,0,0,1,1,0,,,,,,,
demoralizing,0,0,1,0,0,,,,,,,
affront,0,0,1,0,0,,,,,,,
thoughtless,0,0,1,0,1,,,,,,,
disaffected,0,0,1,0,0,,,,,,,
emphatic,0,0,1,1,2,,,,,,,
displace,0,0,1,0,0,,,,,,,
mashed,0,0,1,0,0,,,,,,,
wallow,0,0,1,0,0,,,,,,,
strangle,0,0,1,0,0,,,,,,,
plaything,0,0,1,0,0,,,,,,,
disapprove,0,0,1,1,0,,,,,,,
slack,0,0,1,0,0,,,,,,,
extremism,0,0,1,0,0,,,,,,,
resentment,0,0,1,0,0,,,,,,,
inflationary,0,0,1,0,0,,,,,,,
restriction,0,0,1,2,4,,,,,,,
disappoint,0,0,1,2,0,,,,,,,
depressed,0,0,1,3,0,,,,,,,
pander,0,0,1,1,1,,,,,,,
undid,0,0,1,1,0,,,,,,,
graft,0,0,1,0,0,,,,,,,
fudge,0,0,1,0,0,,,,,,,
culpable,0,0,1,0,0,,,,,,,
downside,0,0,1,0,0,,,,,,,
exhaustion,0,0,1,0,0,,,,,,,
succumb,0,0,1,0,0,,,,,,,
catastrophically,0,0,1,0,0,,,,,,,
reactionary,0,0,1,0,0,,,,,,,
stuttered,0,0,1,0,0,,,,,,,
overpriced,0,0,1,0,1,,,,,,,
thankless,0,0,1,0,0,,,,,,,
slower,0,0,1,0,0,,,,,,,
viciously,0,0,1,0,1,,,,,,,
recklessly,0,0,1,0,0,,,,,,,
payback,0,0,1,0,0,,,,,,,
rogue,0,0,1,0,0,,,,,,,
steeply,0,0,1,0,0,,,,,,,
awfully,0,0,1,0,1,,,,,,,
spoiled,0,0,1,5,3,,,,,,,
seriousness,0,0,1,0,0,,,,,,,
confuses,0,0,1,0,0,,,,,,,
unsettlingly,0,0,1,0,0,,,,,,,
unexpectedly,0,0,1,0,1,,,,,,,
expel,0,0,1,0,0,,,,,,,
insufficient,0,0,1,0,0,,,,,,,
squash,0,0,1,0,0,,,,,,,
brutality,0,0,1,0,0,,,,,,,
quash,0,0,1,0,0,,,,,,,
inaudible,0,0,1,0,0,,,,,,,
wrestle,0,0,1,1,0,,,,,,,
overreach,0,0,1,2,0,,,,,,,
brutish,0,0,1,0,0,,,,,,,
vulgar,0,0,1,7,0,,,,,,,
hum,0,0,1,0,0,,,,,,,
rampage,0,0,1,0,0,,,,,,,
headache,0,0,1,1,0,,,,,,,
betrayal,0,0,1,0,1,,,,,,,
submissive,0,0,1,0,0,,,,,,,
insensible,0,0,1,0,0,,,,,,,
imposing,0,0,1,1,1,,,,,,,
temerity,0,0,1,1,0,,,,,,,
belligerent,0,0,1,0,0,,,,,,,
grievance,0,0,1,0,1,,,,,,,
impede,0,0,1,0,0,,,,,,,
feckless,0,0,1,0,2,,,,,,,
disarray,0,0,1,1,0,,,,,,,
rhetorical,0,0,1,1,1,,,,,,,
casualty,0,0,1,1,0,,,,,,,
transgression,0,0,1,0,0,,,,,,,
infidel,0,0,1,0,0,,,,,,,
obsessively,0,0,1,0,0,,,,,,,
grossly,0,0,1,1,1,,,,,,,
froze,0,0,1,2,0,,,,,,,
grind,0,0,1,0,0,,,,,,,
cloudy,0,0,1,0,0,,,,,,,
raked,0,0,1,0,0,,,,,,,
annoyed,0,0,1,4,0,,,,,,,
contrived,0,0,1,0,0,,,,,,,
stumped,0,0,1,0,0,,,,,,,
dismal,0,0,1,0,0,,,,,,,
midget,0,0,1,0,0,,,,,,,
deficiency,0,0,1,0,0,,,,,,,
junky,0,0,1,0,0,,,,,,,
thicker,0,0,1,0,0,,,,,,,
corrupts,0,0,1,0,0,,,,,,,
perverse,0,0,1,0,0,,,,,,,
collude,0,0,1,0,0,,,,,,,
misunderstanding,0,0,1,0,1,,,,,,,
starvation,0,0,1,0,0,,,,,,,
dislocated,0,0,1,0,0,,,,,,,
swipe,0,0,1,2,0,,,,,,,
imaginary,0,0,1,0,0,,,,,,,
morbidly,0,0,1,0,0,,,,,,,
bruise,0,0,1,0,1,,,,,,,
uneven,0,0,1,0,0,,,,,,,
sharply,0,0,1,0,0,,,,,,,
impetuous,0,0,1,0,0,,,,,,,
oversize,0,0,1,0,0,,,,,,,
fuss,0,0,1,0,1,,,,,,,
meddle,0,0,1,0,0,,,,,,,
vibration,0,0,1,0,0,,,,,,,
misuse,0,0,1,0,0,,,,,,,
ambivalence,0,0,1,0,0,,,,,,,
imperialist,0,0,1,0,0,,,,,,,
superstitious,0,0,1,0,0,,,,,,,
oppress,0,0,1,0,0,,,,,,,
plunder,0,0,1,1,0,,,,,,,
desolate,0,0,1,0,0,,,,,,,
marginally,0,0,1,0,0,,,,,,,
blunt,0,0,1,1,0,,,,,,,
decrepitude,0,0,1,0,0,,,,,,,
adversarial,0,0,1,0,0,,,,,,,
wickedness,0,0,1,1,0,,,,,,,
scar,0,0,1,0,0,,,,,,,
culprit,0,0,1,0,0,,,,,,,
repression,0,0,1,0,0,,,,,,,
virulent,0,0,1,0,0,,,,,,,
plight,0,0,1,0,0,,,,,,,
obstructing,0,0,1,0,0,,,,,,,
strain,0,0,1,0,0,,,,,,,
grapple,0,0,1,0,0,,,,,,,
hubris,0,0,1,0,0,,,,,,,
brashness,0,0,1,0,0,,,,,,,
brash,0,0,1,0,1,,,,,,,
nauseating,0,0,1,1,3,,,,,,,
mindlessly,0,0,1,0,0,,,,,,,
diatribe,0,0,1,0,1,,,,,,,
wince,0,0,1,0,0,,,,,,,
unrelenting,0,0,1,0,0,,,,,,,
inevitably,0,0,1,0,2,,,,,,,
contagious,0,0,1,1,0,,,,,,,
inappropriately,0,0,1,0,0,,,,,,,
touchy,0,0,1,3,0,,,,,,,
sickness,0,0,1,0,0,,,,,,,
harangue,0,0,1,0,0,,,,,,,
scorn,0,0,1,0,0,,,,,,,
grate,0,0,1,1,3,,,,,,,
imprison,0,0,1,0,0,,,,,,,
impersonal,0,0,1,0,0,,,,,,,
pale,0,0,1,0,0,,,,,,,
distasteful,0,0,1,0,1,,,,,,,
incomplete,0,0,1,0,0,,,,,,,
smokescreen,0,0,1,0,0,,,,,,,
mortifying,0,0,1,0,0,,,,,,,
bungling,0,0,1,0,0,,,,,,,
uncomfortably,0,0,1,0,0,,,,,,,
pinch,0,0,1,0,0,,,,,,,
harassment,0,0,1,0,0,,,,,,,
fallout,0,0,1,0,0,,,,,,,
monstrous,0,0,1,0,1,,,,,,,
ultimatum,0,0,1,0,0,,,,,,,
harmed,0,0,1,2,0,,,,,,,
ambiguity,0,0,1,1,0,,,,,,,
outrageously,0,0,1,1,0,,,,,,,
balk,0,0,1,0,0,,,,,,,
doubtful,0,0,1,0,0,,,,,,,
retaliatory,0,0,1,1,0,,,,,,,
rattle,0,0,1,1,0,,,,,,,
omission,0,0,1,0,0,,,,,,,
vociferously,0,0,1,0,0,,,,,,,
inactive,0,0,1,0,0,,,,,,,
botch,0,0,1,0,0,,,,,,,
combust,0,0,1,0,0,,,,,,,
infection,0,0,1,1,0,,,,,,,
contradictory,0,0,1,1,0,,,,,,,
deficient,0,0,1,0,0,,,,,,,
aggrieved,0,0,1,0,0,,,,,,,
glum,0,0,1,0,0,,,,,,,
ominous,0,0,1,0,0,,,,,,,
panicking,0,0,1,0,0,,,,,,,
inaccurately,0,0,1,0,0,,,,,,,
violently,0,0,1,0,1,,,,,,,
rubbish,0,0,1,0,1,,,,,,,
queer,0,0,1,1,0,,,,,,,
rabid,0,0,1,0,0,,,,,,,
altercation,0,0,1,0,0,,,,,,,
unfounded,0,0,1,0,0,,,,,,,
disastrously,0,0,1,0,0,,,,,,,
bewildered,0,0,1,0,0,,,,,,,
shun,0,0,1,0,0,,,,,,,
poorest,0,0,1,1,0,,,,,,,
unhealthy,0,0,1,0,0,,,,,,,
dishonestly,0,0,1,0,0,,,,,,,
farcical,0,0,1,0,0,,,,,,,
needy,0,0,1,1,0,,,,,,,
paranoia,0,0,1,0,0,,,,,,,
revolt,0,0,1,0,0,,,,,,,
ghetto,0,0,1,8,0,,,,,,,
gasp,0,0,1,0,0,,,,,,,
adamant,0,0,1,0,0,,,,,,,
irritating,0,3,0,0,0,,,,,,,
noxious,0,3,0,0,0,,,,,,,
ail,0,2,0,0,0,,,,,,,
drought,0,2,0,0,0,,,,,,,
outlaw,0,2,0,0,0,,,,,,,
dense,0,2,0,0,0,,,,,,,
unfairly,0,2,0,2,0,,,,,,,
prohibit,0,2,0,0,1,,,,,,,
calamity,0,2,0,0,0,,,,,,,
insincere,0,2,0,5,1,,,,,,,
cynical,0,2,0,1,1,,,,,,,
flake,0,2,0,2,1,,,,,,,
overzealous,0,1,0,0,0,,,,,,,
drained,0,1,0,1,0,,,,,,,
bribery,0,1,0,0,0,,,,,,,
appallingly,0,1,0,0,0,,,,,,,
shamefully,0,1,0,1,0,,,,,,,
confront,0,1,0,0,0,,,,,,,
uneconomical,0,1,0,0,0,,,,,,,
incompatible,0,1,0,0,0,,,,,,,
passive,0,1,0,0,0,,,,,,,
discourage,0,1,0,0,0,,,,,,,
inhuman,0,1,0,0,0,,,,,,,
chatter,0,1,0,0,0,,,,,,,
outraged,0,1,0,0,1,,,,,,,
revolting,0,1,0,2,0,,,,,,,
degradation,0,1,0,0,0,,,,,,,
condescendingly,0,1,0,0,0,,,,,,,
interruption,0,1,0,0,0,,,,,,,
snob,0,1,0,0,0,,,,,,,
rebuke,0,1,0,0,0,,,,,,,
handicapped,0,1,0,0,2,,,,,,,
insufferable,0,1,0,0,1,,,,,,,
demonizing,0,1,0,1,0,,,,,,,
coercive,0,1,0,0,0,,,,,,,
entrapment,0,1,0,0,0,,,,,,,
expired,0,1,0,0,0,,,,,,,
unproven,0,1,0,0,1,,,,,,,
revert,0,1,0,0,0,,,,,,,
slump,0,1,0,0,0,,,,,,,
resentful,0,1,0,1,0,,,,,,,
deprived,0,1,0,0,0,,,,,,,
subordinate,0,1,0,0,0,,,,,,,
maliciously,0,1,0,1,1,,,,,,,
deviate,0,1,0,0,0,,,,,,,
disloyalty,0,1,0,0,0,,,,,,,
despot,0,1,0,1,0,,,,,,,
oddly,0,1,0,0,0,,,,,,,
frustrate,0,1,0,0,0,,,,,,,
unbelievably,0,1,0,0,1,,,,,,,
argumentative,0,1,0,0,0,,,,,,,
obstinate,0,1,0,0,0,,,,,,,
mindless,0,1,0,2,1,,,,,,,
hurtful,0,1,0,0,0,,,,,,,
friction,0,1,0,0,0,,,,,,,
dogmatic,0,1,0,0,0,,,,,,,
defiance,0,1,0,0,0,,,,,,,
inconsistency,0,1,0,0,1,,,,,,,
impending,0,1,0,0,0,,,,,,,
defrauding,0,1,0,0,0,,,,,,,
trample,0,1,0,0,0,,,,,,,
hindrance,0,1,0,0,0,,,,,,,
transgress,0,1,0,0,0,,,,,,,
unprepared,0,1,0,3,1,,,,,,,
afflict,0,1,0,0,0,,,,,,,
malady,0,1,0,0,0,,,,,,,
desolation,0,1,0,0,0,,,,,,,
tempest,0,1,0,0,0,,,,,,,
taint,0,1,0,0,0,,,,,,,
haughty,0,1,0,0,0,,,,,,,
languish,0,1,0,0,0,,,,,,,
displeasure,0,1,0,0,0,,,,,,,
offending,0,1,0,0,0,,,,,,,
troubled,0,1,0,0,1,,,,,,,
forsaken,0,1,0,0,0,,,,,,,
wrath,0,1,0,1,0,,,,,,,
oppressive,0,1,0,0,0,,,,,,,
refute,0,1,0,0,0,,,,,,,
trauma,0,1,0,1,0,,,,,,,
undermined,0,1,0,1,0,,,,,,,
grouch,0,1,0,0,0,,,,,,,
diabolic,0,1,0,0,0,,,,,,,
cruelest,0,1,0,0,0,,,,,,,
baffle,0,1,0,0,0,,,,,,,
shamelessness,0,1,0,0,0,,,,,,,
mediocre,0,1,0,0,0,,,,,,,
wasteful,0,1,0,1,0,,,,,,,
disorderly,0,1,0,0,0,,,,,,,
mistrust,0,1,0,0,0,,,,,,,
clogged,0,1,0,0,0,,,,,,,
bleeding,0,1,0,2,0,,,,,,,
splitting,0,1,0,0,0,,,,,,,
sickeningly,0,1,0,0,0,,,,,,,
ambush,0,1,0,0,0,,,,,,,
denounce,0,1,0,0,2,,,,,,,
steep,0,1,0,0,0,,,,,,,
unspeakable,0,1,0,0,0,,,,,,,
mispronounce,0,1,0,0,0,,,,,,,
egregious,0,1,0,1,0,,,,,,,
rejecting,0,1,0,1,1,,,,,,,
exploit,0,1,0,2,2,,,,,,,
wary,0,1,0,1,0,,,,,,,
questionable,0,1,0,1,1,,,,,,,
shaky,0,1,0,0,0,,,,,,,
foolishness,0,0,0,7,0,,,,,,,
hustler,0,0,0,6,0,,,,,,,
aborted,0,0,0,6,1,,,,,,,
deceitful,0,0,0,5,0,,,,,,,
shallow,0,0,0,5,1,,,,,,,
abort,0,0,0,4,4,,,,,,,
jealousy,0,0,0,4,0,,,,,,,
raping,0,0,0,4,0,,,,,,,
opportunistic,0,0,0,3,0,,,,,,,
pretentious,0,0,0,3,0,,,,,,,
absentee,0,0,0,3,1,,,,,,,
helpless,0,0,0,2,0,,,,,,,
hefty,0,0,0,2,0,,,,,,,
cursed,0,0,0,2,0,,,,,,,
overpaid,0,0,0,2,0,,,,,,,
heckled,0,0,0,2,0,,,,,,,
flirt,0,0,0,2,0,,,,,,,
ambiguous,0,0,0,2,1,,,,,,,
despotic,0,0,0,2,0,,,,,,,
sinister,0,0,0,2,0,,,,,,,
tease,0,0,0,2,0,,,,,,,
unnoticed,0,0,0,2,1,,,,,,,
distracting,0,0,0,2,0,,,,,,,
darker,0,0,0,2,0,,,,,,,
discriminate,0,0,0,2,1,,,,,,,
debauchery,0,0,0,2,0,,,,,,,
lowly,0,0,0,2,0,,,,,,,
weary,0,0,0,2,0,,,,,,,
lawbreaker,0,0,0,2,0,,,,,,,
autocrat,0,0,0,2,0,,,,,,,
bondage,0,0,0,2,0,,,,,,,
apathy,0,0,0,2,1,,,,,,,
diabolical,0,0,0,2,2,,,,,,,
slut,0,0,0,2,0,,,,,,,
ranted,0,0,0,2,0,,,,,,,
showdown,0,0,0,2,0,,,,,,,
nervousness,0,0,0,2,1,,,,,,,
whore,0,0,0,1,0,,,,,,,
humming,0,0,0,1,1,,,,,,,
ghosting,0,0,0,1,0,,,,,,,
inaction,0,0,0,1,0,,,,,,,
obscurity,0,0,0,1,1,,,,,,,
irredeemable,0,0,0,1,0,,,,,,,
dud,0,0,0,1,0,,,,,,,
disproportionate,0,0,0,1,0,,,,,,,
kook,0,0,0,1,0,,,,,,,
vomiting,0,0,0,1,0,,,,,,,
indecent,0,0,0,1,0,,,,,,,
obscene,0,0,0,1,0,,,,,,,
rivalry,0,0,0,1,0,,,,,,,
hysterically,0,0,0,1,0,,,,,,,
impoverished,0,0,0,1,0,,,,,,,
mudslinging,0,0,0,1,0,,,,,,,
heretic,0,0,0,1,0,,,,,,,
disrupt,0,0,0,1,1,,,,,,,
exasperate,0,0,0,1,0,,,,,,,
obnoxiously,0,0,0,1,0,,,,,,,
alienated,0,0,0,1,0,,,,,,,
obstructed,0,0,0,1,0,,,,,,,
unwell,0,0,0,1,0,,,,,,,
regretfully,0,0,0,1,0,,,,,,,
unwatchable,0,0,0,1,1,,,,,,,
traumatized,0,0,0,1,1,,,,,,,
restrictive,0,0,0,1,0,,,,,,,
blurred,0,0,0,1,0,,,,,,,
cringed,0,0,0,1,0,,,,,,,
brimstone,0,0,0,1,0,,,,,,,
unhappiness,0,0,0,1,0,,,,,,,
idle,0,0,0,1,0,,,,,,,
animosity,0,0,0,1,0,,,,,,,
misfit,0,0,0,1,0,,,,,,,
bitterness,0,0,0,1,0,,,,,,,
shrug,0,0,0,1,0,,,,,,,
irritated,0,0,0,1,0,,,,,,,
lure,0,0,0,1,1,,,,,,,
ulterior,0,0,0,1,0,,,,,,,
turbulent,0,0,0,1,0,,,,,,,
faithless,0,0,0,1,0,,,,,,,
goad,0,0,0,1,0,,,,,,,
retreat,0,0,0,1,0,,,,,,,
implode,0,0,0,1,0,,,,,,,
dullard,0,0,0,1,0,,,,,,,
subjected,0,0,0,1,1,,,,,,,
hesitant,0,0,0,1,0,,,,,,,
relentlessness,0,0,0,1,0,,,,,,,
mistaken,0,0,0,1,0,,,,,,,
pointlessly,0,0,0,1,0,,,,,,,
dissent,0,0,0,1,0,,,,,,,
cussed,0,0,0,1,0,,,,,,,
heathen,0,0,0,1,0,,,,,,,
terrorize,0,0,0,1,0,,,,,,,
mischief,0,0,0,1,0,,,,,,,
bumping,0,0,0,1,0,,,,,,,
outcast,0,0,0,1,0,,,,,,,
beggar,0,0,0,1,0,,,,,,,
hardened,0,0,0,1,0,,,,,,,
wily,0,0,0,1,0,,,,,,,
untruthful,0,0,0,1,1,,,,,,,
wrinkled,0,0,0,1,0,,,,,,,
crumpled,0,0,0,1,0,,,,,,,
pompous,0,0,0,1,0,,,,,,,
taxing,0,0,0,1,1,,,,,,,
uninsured,0,0,0,1,0,,,,,,,
subpoena,0,0,0,1,0,,,,,,,
retard,0,0,0,1,1,,,,,,,
merciless,0,0,0,1,0,,,,,,,
aggravating,0,0,0,1,0,,,,,,,
divisiveness,0,0,0,1,1,,,,,,,
fugitive,0,0,0,1,0,,,,,,,
alarm,0,0,0,1,4,,,,,,,
epidemic,0,0,0,1,1,,,,,,,
catastrophe,0,0,0,1,0,,,,,,,
shipwreck,0,0,0,1,0,,,,,,,
ungrateful,0,0,0,1,0,,,,,,,
fibber,0,0,0,1,0,,,,,,,
picky,0,0,0,1,0,,,,,,,
alienate,0,0,0,1,0,,,,,,,
malicious,0,0,0,1,0,,,,,,,
illusory,0,0,0,1,0,,,,,,,
sobering,0,0,0,1,0,,,,,,,
vengeful,0,0,0,1,0,,,,,,,
gaudy,0,0,0,1,0,,,,,,,
dim,0,0,0,1,0,,,,,,,
sap,0,0,0,1,1,,,,,,,
indecency,0,0,0,1,0,,,,,,,
fateful,0,0,0,1,0,,,,,,,
disruptive,0,0,0,1,0,,,,,,,
inefficient,0,0,0,1,0,,,,,,,
ineffective,0,0,0,1,3,,,,,,,
deteriorate,0,0,0,1,0,,,,,,,
nonexistent,0,0,0,1,0,,,,,,,
astray,0,0,0,1,0,,,,,,,
strangest,0,0,0,1,0,,,,,,,
wrongful,0,0,0,1,0,,,,,,,
unfaithful,0,0,0,1,0,,,,,,,
infested,0,0,0,1,0,,,,,,,
nuisance,0,0,0,1,0,,,,,,,
deviation,0,0,0,1,0,,,,,,,
lagging,0,0,0,1,0,,,,,,,
monstrosity,0,0,0,1,0,,,,,,,
erratic,0,0,0,1,0,,,,,,,
decadent,0,0,0,1,0,,,,,,,
moot,0,0,0,1,0,,,,,,,
dupe,0,0,0,1,0,,,,,,,
unreachable,0,0,0,1,0,,,,,,,
dissapointed,0,0,0,1,0,,,,,,,
falsify,0,0,0,1,0,,,,,,,
stump,0,0,0,1,2,,,,,,,
stalemate,0,0,0,1,0,,,,,,,
seething,0,0,0,1,0,,,,,,,
regreted,0,0,0,1,0,,,,,,,
unwise,0,0,0,1,0,,,,,,,
stupidly,0,0,0,1,0,,,,,,,
lurch,0,0,0,1,0,,,,,,,
downturn,0,0,0,1,1,,,,,,,
profanity,0,0,0,1,5,,,,,,,
delinquency,0,0,0,1,0,,,,,,,
decay,0,0,0,1,0,,,,,,,
debasement,0,0,0,1,0,,,,,,,
cloud,0,0,0,1,0,,,,,,,
womanizer,0,0,0,1,0,,,,,,,
strife,0,0,0,1,0,,,,,,,
exacerbate,0,0,0,1,1,,,,,,,
stale,0,0,0,1,0,,,,,,,
denigrate,0,0,0,1,1,,,,,,,
disparaging,0,0,0,0,4,,,,,,,
scrap,0,0,0,0,3,,,,,,,
draconian,0,0,0,0,3,,,,,,,
dishonor,0,0,0,0,2,,,,,,,
subservient,0,0,0,0,2,,,,,,,
inadequacy,0,0,0,0,2,,,,,,,
lone,0,0,0,0,2,,,,,,,
limp,0,0,0,0,2,,,,,,,
posturing,0,0,0,0,2,,,,,,,
inexperience,0,0,0,0,2,,,,,,,
stifle,0,0,0,0,2,,,,,,,
lethal,0,0,0,0,2,,,,,,,
slashing,0,0,0,0,2,,,,,,,
unproductive,0,0,0,0,1,,,,,,,
squeal,0,0,0,0,1,,,,,,,
creeping,0,0,0,0,1,,,,,,,
ruthlessly,0,0,0,0,1,,,,,,,
agony,0,0,0,0,1,,,,,,,
falsely,0,0,0,0,1,,,,,,,
smother,0,0,0,0,1,,,,,,,
haywire,0,0,0,0,1,,,,,,,
lengthy,0,0,0,0,1,,,,,,,
suppression,0,0,0,0,1,,,,,,,
insinuating,0,0,0,0,1,,,,,,,
defamatory,0,0,0,0,1,,,,,,,
emasculate,0,0,0,0,1,,,,,,,
inhibit,0,0,0,0,1,,,,,,,
dirtbag,0,0,0,0,1,,,,,,,
inconsiderately,0,0,0,0,1,,,,,,,
overwhelmed,0,0,0,0,1,,,,,,,
jaded,0,0,0,0,1,,,,,,,
dent,0,0,0,0,1,,,,,,,
adversity,0,0,0,0,1,,,,,,,
angrily,0,0,0,0,1,,,,,,,
usurp,0,0,0,0,1,,,,,,,
disputed,0,0,0,0,1,,,,,,,
wretched,0,0,0,0,1,,,,,,,
furor,0,0,0,0,1,,,,,,,
unyielding,0,0,0,0,1,,,,,,,
distort,0,0,0,0,1,,,,,,,
unsecure,0,0,0,0,1,,,,,,,
gutter,0,0,0,0,1,,,,,,,
maniacal,0,0,0,0,1,,,,,,,
mudslinger,0,0,0,0,1,,,,,,,
misrepresent,0,0,0,0,1,,,,,,,
malcontent,0,0,0,0,1,,,,,,,
orphan,0,0,0,0,1,,,,,,,
overweight,0,0,0,0,1,,,,,,,
vent,0,0,0,0,1,,,,,,,
catastrophic,0,0,0,0,1,,,,,,,
cripple,0,0,0,0,1,,,,,,,
woefully,0,0,0,0,1,,,,,,,
glaringly,0,0,0,0,1,,,,,,,
insufferably,0,0,0,0,1,,,,,,,
douchbag,0,0,0,0,1,,,,,,,
tense,0,0,0,0,1,,,,,,,
spilling,0,0,0,0,1,,,,,,,
distorted,0,0,0,0,1,,,,,,,
disrespecting,0,0,0,0,1,,,,,,,
inundated,0,0,0,0,1,,,,,,,
disparage,0,0,0,0,1,,,,,,,
repulsively,0,0,0,0,1,,,,,,,
regressive,0,0,0,0,1,,,,,,,
numb,0,0,0,0,1,,,,,,,
blurry,0,0,0,0,1,,,,,,,
unfriendly,0,0,0,0,1,,,,,,,
uproar,0,0,0,0,1,,,,,,,
immorality,0,0,0,0,1,,,,,,,
inconsiderate,0,0,0,0,1,,,,,,,
neurotic,0,0,0,0,1,,,,,,,
indignant,0,0,0,0,1,,,,,,,
misunderstand,0,0,0,0,1,,,,,,,
frenzy,0,0,0,0,1,,,,,,,
delirium,0,0,0,0,1,,,,,,,
inexorable,0,0,0,0,1,,,,,,,
bombastic,0,0,0,0,1,,,,,,,
thwart,0,0,0,0,1,,,,,,,
leakage,0,0,0,0,1,,,,,,,
tormented,0,0,0,0,1,,,,,,,
feebleminded,0,0,0,0,1,,,,,,,
sunk,0,0,0,0,1,,,,,,,
stereotype,0,0,0,0,1,,,,,,,
deprecate,0,0,0,0,1,,,,,,,
fib,0,0,0,0,1,,,,,,,
rattled,0,0,0,0,1,,,,,,,
jerky,0,0,0,0,1,,,,,,,
dizzy,0,0,0,0,1,,,,,,,
overshadow,0,0,0,0,1,,,,,,,
scolded,0,0,0,0,1,,,,,,,
risky,0,0,0,0,1,,,,,,,
antagonize,0,0,0,0,1,,,,,,,
frustration,0,0,0,0,1,,,,,,,
misfortune,0,0,0,0,1,,,,,,,
